<?xml version="1.0"?>
<!--
** DO NOT EDIT THIS FILE.
** If you make changes to this file while any VirtualBox related application
** is running, your changes will be overwritten later, without taking effect.
** Use VBoxManage or the VirtualBox Manager GUI to make changes.
-->
<VirtualBox xmlns="http://www.innotek.de/VirtualBox-settings" version="1.12-macosx">
  <Global>
    <ExtraData>
      <ExtraDataItem name="GUI/DetailsPageBoxes" value="general,system,preview,display,storage,audio,network,usb,sharedFolders,description"/>
      <ExtraDataItem name="GUI/GroupDefinitions/" value="m=584839c1-c687-46dd-8bf9-22ed2a5aacc0"/>
      <ExtraDataItem name="GUI/LastItemSelected" value="m=Google Nexus 5 - 5.0.0 - API 21 - 1080x1920"/>
      <ExtraDataItem name="GUI/LastWindowPosition" value="255,125,1280,660,max"/>
      <ExtraDataItem name="GUI/RecentFolderCD" value="/Volumes/OneTouch 4/application"/>
      <ExtraDataItem name="GUI/RecentListCD" value="/Volumes/OneTouch 4/application/MSDN_Windows 7_x86+x64_2in1_9&#x5408;1_&#x53F0;&#x7063;&#x4E2D;&#x6587;&#x65D7;&#x8266;&#x81EA;&#x52D5;&#x555F;&#x52D5;&#x7248;.iso"/>
      <ExtraDataItem name="GUI/SplitterSizes" value="424,849"/>
      <ExtraDataItem name="GUI/SuppressMessages" value="confirmInputCapture,confirmGoingScale"/>
      <ExtraDataItem name="GUI/UpdateCheckCount" value="2"/>
      <ExtraDataItem name="GUI/UpdateDate" value="1 d, 2015-08-12, stable, 5.0.0"/>
    </ExtraData>
    <MachineRegistry>
      <MachineEntry uuid="{584839c1-c687-46dd-8bf9-22ed2a5aacc0}" src="/Users/lin541019/.Genymobile/Genymotion/deployed/Google Nexus 5 - 5.0.0 - API 21 - 1080x1920/Google Nexus 5 - 5.0.0 - API 21 - 1080x1920.vbox"/>
    </MachineRegistry>
    <MediaRegistry>
      <HardDisks/>
      <DVDImages/>
      <FloppyImages/>
    </MediaRegistry>
    <NetserviceRegistry>
      <DHCPServers>
        <DHCPServer networkName="HostInterfaceNetworking-vboxnet0" IPAddress="192.168.56.100" networkMask="255.255.255.0" lowerIP="192.168.56.101" upperIP="192.168.56.254" enabled="1"/>
      </DHCPServers>
    </NetserviceRegistry>
    <SystemProperties defaultMachineFolder="/Users/lin541019/VirtualBox VMs" defaultHardDiskFormat="VDI" VRDEAuthLibrary="VBoxAuth" webServiceAuthLibrary="VBoxAuth" LogHistoryCount="3" exclusiveHwVirt="false"/>
    <USBDeviceFilters/>
  </Global>
</VirtualBox>
